{"stats":{"minecraft:killed_by":{"minecraft:player":1,"iceandfire:cyclops":1,"minecraft:magma_cube":1,"stalwart_dungeons:giddy_blaze":1,"iceandfire:lightning_dragon":4,"minecraft:zombie":1},"minecraft:picked_up":{"iceandfire:dragon_skull_lightning":3,"minecraft:wheat":11,"minecraft:crafting_table":1,"chococraft:loverly_gysahl_green":16,"minecraft:chicken":1,"iceandfire:fire_lily":1,"minecraft:stone_slab":1,"botania:blue_mushroom":1,"minecraft:enchanted_book":1,"minecraft:wither_rose":2,"minecraft:nether_brick":10,"iceandfire:manuscript":13,"minecraft:string":19,"botania:magenta_mystical_flower":3,"minecraft:beetroot":1,"minecraft:cobbled_deepslate":1,"minecraft:beef":26,"minecraft:oak_boat":1,"minecraft:calcite":2,"minecraft:iron_pickaxe":1,"orcz:orcskull":1,"minecraft:egg":3,"minecraft:tipped_arrow":4,"minecraft:stick":7,"minecraft:raw_iron":70,"iceandfire:dragonbone":62,"iceandfire:ghost_chest":1,"simplehats:dwarfminerbeard":1,"simplehats:hatbag_common":2,"minecraft:brown_terracotta":2,"minecraft:copper_ingot":1,"minecraft:torch":1,"simplehats:nekoears":1,"sophisticatedbackpacks:backpack":1,"epicfight:diamond_greatsword":1,"minecraft:spruce_fence":3,"botania:green_mushroom":1,"epicfight:skillbook":2,"minecraft:porkchop":1,"iceandfire:crackled_gravel":17,"botania:pink_mushroom":1,"tombstone:grave_dust":15,"minecraft:carrot":1,"minecraft:redstone":9,"minecraft:chiseled_nether_bricks":1,"minecraft:orange_bed":2,"iceandfire:silver_ingot":4,"minecraft:rotten_flesh":18,"minecraft:arrow":13,"simplehats:crown":1,"minecraft:beetroot_seeds":2,"minecraft:nether_bricks":23,"minecraft:hay_block":18,"crittersandcompanions:silk":5,"minecraft:gold_ingot":2,"minecraft:white_terracotta":14,"minecraft:blaze_rod":5,"botania:green_mystical_flower":2,"minecraft:mutton":13,"botania:magenta_double_flower":1,"minecraft:cobblestone":89,"minecraft:white_wool":7,"minecraft:birch_log":3,"minecraft:magma_block":1,"minecraft:feather":1,"minecraft:basalt":1,"orcz:orcteeth":19,"minecraft:glow_ink_sac":7,"minecraft:water_bucket":1,"minecraft:leather":8,"minecraft:red_mushroom":1,"minecraft:potato":2,"botania:green_double_flower":1,"minecraft:oak_log":53,"minecraft:nether_wart_block":2,"botania:magenta_mushroom":1,"skilltree:gem":28,"minecraft:lapis_lazuli":22,"minecraft:dirt":90,"simplehats:hatbag_epic":1,"minecraft:bone":10,"chococraft:gysahl_green":257,"chococraft:gold_gysahl":8,"minecraft:wheat_seeds":26,"simplehats:baseballhatrgb":1,"minecraft:cobweb":7,"simplehats:hatbag_uncommon":1,"minecraft:moss_block":1,"stalwart_dungeons:transient_block_close":6,"iceandfire:copper_nugget":310,"botania:red_mystical_flower":1,"minecraft:black_terracotta":6,"orcz:orcagaric":1,"iceandfire:ash":11,"minecraft:cracked_nether_bricks":3,"minecraft:dandelion":2,"orcz:blue_orcshroom":1,"minecraft:stripped_spruce_log":3,"chococraft:gysahl_green_seeds":2,"iceandfire:lightning_dragon_heart":1,"minecraft:white_bed":1,"naturalist:duck_egg":2,"minecraft:dark_oak_log":2,"minecraft:spider_eye":5,"minecraft:mossy_cobblestone":4,"minecraft:light_gray_terracotta":11,"stalwart_dungeons:spore_vaporizer":10,"minecraft:slime_ball":1,"minecraft:diamond":13,"minecraft:iron_helmet":1,"minecraft:rooted_dirt":2,"minecraft:netherrack":1,"minecraft:oak_sapling":1,"botania:brown_mystical_flower":1,"minecraft:coal":76,"iceandfire:raw_silver":4},"minecraft:broken":{"minecraft:shield":1,"minecraft:wooden_hoe":1},"minecraft:custom":{"minecraft:mob_kills":62,"minecraft:interact_with_crafting_table":57,"minecraft:damage_dealt_resisted":311,"minecraft:leave_game":4,"minecraft:time_since_death":43404,"minecraft:climb_one_cm":5147,"minecraft:damage_resisted":80,"minecraft:sprint_one_cm":1392580,"minecraft:damage_blocked_by_shield":457,"minecraft:walk_one_cm":995488,"minecraft:drop":107,"minecraft:damage_dealt_absorbed":423,"minecraft:play_time":252393,"minecraft:sneak_time":744,"minecraft:deaths":11,"minecraft:walk_under_water_one_cm":39430,"minecraft:boat_one_cm":92925,"minecraft:jump":4646,"minecraft:walk_on_water_one_cm":50387,"minecraft:total_world_time":252393,"minecraft:interact_with_furnace":42,"minecraft:interact_with_stonecutter":1,"minecraft:sleep_in_bed":13,"minecraft:time_since_rest":35478,"minecraft:damage_taken":5859,"minecraft:trigger_trapped_chest":1,"minecraft:damage_dealt":9844,"minecraft:swim_one_cm":196123,"minecraft:fly_one_cm":1409873,"minecraft:open_chest":190,"minecraft:crouch_one_cm":3511,"tombstone:undead_killed":21,"minecraft:interact_with_smoker":8,"minecraft:fall_one_cm":122295,"minecraft:horse_one_cm":59967},"minecraft:crafted":{"minecraft:wooden_sword":1,"minecraft:oak_planks":188,"minecraft:iron_nugget":1,"minecraft:cooked_chicken":1,"minecraft:furnace":2,"minecraft:cooked_mutton":4,"minecraft:iron_boots":1,"minecraft:stone_pickaxe":1,"epicfight:iron_greatsword":1,"minecraft:dark_oak_planks":8,"mca:needle_and_thread":1,"minecraft:wheat":154,"minecraft:smoker":1,"iceandfire:silver_axe":1,"minecraft:wooden_shovel":3,"sophisticatedbackpacks:backpack":1,"iceandfire:silver_ingot":4,"minecraft:cooked_porkchop":1,"minecraft:crafting_table":6,"minecraft:wooden_pickaxe":1,"minecraft:iron_helmet":4,"epicfight:iron_dagger":1,"minecraft:birch_planks":12,"minecraft:bucket":2,"epicfight:stone_greatsword":1,"minecraft:brewing_stand":1,"minecraft:bread":54,"minecraft:air":0,"minecraft:oak_boat":1,"minecraft:iron_chestplate":1,"minecraft:wooden_hoe":3,"minecraft:shield":2,"orcz:bone_1deco":1,"minecraft:stick":56,"quark:oak_chest":7,"minecraft:iron_ingot":70,"minecraft:iron_pickaxe":2,"minecraft:wooden_axe":1,"minecraft:stone_sword":1,"minecraft:iron_leggings":1,"minecraft:white_bed":1,"minecraft:torch":76,"iceandfire:silver_pickaxe":1,"tombstone:bone_needle":1},"minecraft:used":{"minecraft:stone_sword":2,"minecraft:shield":52,"minecraft:wooden_shovel":38,"minecraft:cooked_chicken":1,"minecraft:orange_bed":1,"minecraft:torch":50,"minecraft:brewing_stand":1,"minecraft:dirt":65,"minecraft:carrot":1,"minecraft:wooden_axe":49,"iceandfire:crackled_gravel":15,"epicfight:iron_greatsword":55,"epicfight:iron_dagger":113,"minecraft:iron_boots":1,"epicfight:diamond_greatsword":2,"minecraft:goat_horn":1,"minecraft:oak_sapling":1,"minecraft:furnace":1,"tombstone:gift":5,"minecraft:potato":2,"minecraft:iron_leggings":1,"minecraft:wheat_seeds":11,"minecraft:cooked_mutton":4,"minecraft:water_bucket":68,"epicfight:skillbook":4,"minecraft:stone_pickaxe":17,"minecraft:oak_planks":29,"minecraft:wooden_pickaxe":14,"iceandfire:dragon_skull_lightning":1,"tombstone:scroll_of_feather_fall":1,"minecraft:crafting_table":5,"minecraft:white_bed":2,"iceandfire:silver_axe":27,"minecraft:smoker":1,"sophisticatedbackpacks:backpack":1,"minecraft:wooden_hoe":124,"minecraft:bread":43,"minecraft:iron_pickaxe":308,"minecraft:cracked_nether_bricks":1,"minecraft:wooden_sword":17,"minecraft:cobblestone":8,"minecraft:cooked_porkchop":1,"minecraft:bucket":69,"chococraft:gysahl_green":164,"quark:oak_chest":6,"minecraft:oak_boat":2,"minecraft:experience_bottle":2,"minecraft:cobweb":6},"minecraft:mined":{"botania:magenta_mushroom":1,"stalwart_dungeons:spore_vaporizer":11,"minecraft:white_bed":1,"iceandfire:silver_ore":4,"minecraft:mossy_cobblestone":2,"minecraft:deepslate_diamond_ore":4,"botania:red_mystical_flower":1,"minecraft:dark_oak_log":2,"iceandfire:crackled_gravel":3,"minecraft:glow_lichen":1,"minecraft:nether_bricks":29,"minecraft:grass_block":43,"minecraft:deepslate_bricks":2,"minecraft:moss_block":1,"minecraft:cracked_nether_bricks":3,"minecraft:hay_block":21,"minecraft:spawner":1,"minecraft:weeping_vines_plant":1,"minecraft:magma_block":1,"botania:magenta_mystical_flower":3,"minecraft:iron_ore":67,"minecraft:fire":2,"minecraft:stripped_spruce_log":4,"minecraft:deepslate_lapis_ore":3,"minecraft:shroomlight":1,"minecraft:deepslate_iron_ore":3,"minecraft:vine":4,"minecraft:deepslate_brick_stairs":1,"crittersandcompanions:silk_cocoon":1,"botania:brown_mystical_flower":1,"sophisticatedbackpacks:backpack":1,"minecraft:stone":90,"minecraft:orange_bed":2,"botania:green_mystical_flower":4,"minecraft:deepslate_redstone_ore":5,"minecraft:acacia_leaves":1,"minecraft:chiseled_nether_bricks":1,"stalwart_dungeons:transient_block_close":8,"minecraft:basalt":1,"minecraft:crafting_table":1,"botania:green_double_flower":1,"minecraft:calcite":2,"iceandfire:ghost_chest":1,"botania:pink_mushroom":1,"minecraft:stone_slab":1,"iceandfire:fire_lily":1,"minecraft:tall_grass":24,"minecraft:diorite":2,"minecraft:wall_torch":1,"botania:blue_mushroom":1,"minecraft:white_terracotta":7,"minecraft:birch_log":3,"minecraft:nether_wart_block":3,"iceandfire:ash":1,"minecraft:grass":103,"orcz:blue_orcshroom":1,"minecraft:oak_log":53,"minecraft:coal_ore":77,"minecraft:beetroots":1,"minecraft:dirt":3,"minecraft:cobweb":17,"minecraft:netherrack":2,"minecraft:oak_leaves":1,"botania:magenta_double_flower":1,"minecraft:deepslate":1,"minecraft:fern":1},"minecraft:killed":{"naturalist:duck":1,"naturalist:snail":2,"minecraft:skeleton":8,"stalwart_dungeons:nether_wart_cocoon":1,"minecraft:chicken":1,"orcz:orcsavagemace":1,"minecraft:pig":1,"naturalist:bluejay":1,"stalwart_dungeons:giddy_blaze":4,"minecraft:sheep":5,"minecraft:zombie":12,"iceandfire:ghost":1,"orcz:bigorcboss":1,"orcz:orcsavage_2sword":1,"orcz:snot":3,"minecraft:cow":15},"minecraft:dropped":{"minecraft:water_bucket":1,"epicfight:diamond_greatsword":1,"minecraft:stripped_spruce_log":3,"minecraft:birch_planks":8,"minecraft:wheat_seeds":9,"minecraft:mossy_cobblestone":2,"minecraft:iron_helmet":3,"minecraft:cobblestone":3,"orcz:orcagaric":1,"minecraft:red_mushroom":1,"minecraft:stick":9,"minecraft:dirt":24,"minecraft:cobweb":1,"iceandfire:copper_nugget":144,"minecraft:mutton":6,"botania:green_mystical_flower":2,"tombstone:grave_dust":15,"minecraft:gold_nugget":4,"minecraft:iron_pickaxe":1,"minecraft:dark_oak_planks":7,"minecraft:white_wool":4,"minecraft:dandelion":2,"minecraft:kelp":4,"minecraft:light_gray_terracotta":11,"minecraft:black_terracotta":1,"minecraft:rotten_flesh":13,"minecraft:white_terracotta":14,"iceandfire:crackled_gravel":1,"minecraft:spruce_fence":2,"iceandfire:ghost_chest":1,"iceandfire:copper_sword":1,"botania:green_double_flower":1,"minecraft:basalt":1,"minecraft:arrow":1,"minecraft:magma_block":1,"minecraft:egg":3}},"DataVersion":3465}