{"stats":{"minecraft:killed":{"minecraft:witch":6,"minecraft:spider":1,"naturalist:snail":2,"minecraft:skeleton":11,"minecraft:chicken":1,"minecraft:pig":1,"stalwart_dungeons:giddy_blaze":4,"minecraft:sheep":11,"minecraft:trader_llama":1,"minecraft:pillager":8,"minecraft:zombie":15,"orcz:bigorcboss":1,"takesapillage:archer":1,"orcz:snot":5,"orcz:orcsavage_2sword":2,"orcz:orcshield":1,"minecraft:cow":15,"naturalist:duck":1,"minecraft:horse":1,"stalwart_dungeons:nether_wart_cocoon":1,"orcz:orcsavagemace":2,"naturalist:bluejay":1,"takesapillage:skirmisher":1,"iceandfire:ghost":1},"minecraft:broken":{"minecraft:iron_boots":1,"minecraft:iron_chestplate":1,"minecraft:iron_leggings":1,"minecraft:shield":1,"minecraft:iron_helmet":1,"minecraft:wooden_hoe":1},"minecraft:custom":{"minecraft:interact_with_crafting_table":81,"minecraft:open_barrel":9,"minecraft:leave_game":7,"minecraft:time_since_death":11603,"minecraft:damage_resisted":80,"minecraft:sprint_one_cm":2269050,"minecraft:damage_blocked_by_shield":547,"minecraft:drop":152,"minecraft:play_time":381255,"minecraft:deaths":20,"minecraft:jump":6448,"minecraft:walk_on_water_one_cm":73817,"minecraft:interact_with_furnace":47,"minecraft:sleep_in_bed":19,"minecraft:damage_dealt":19049,"minecraft:player_kills":1,"minecraft:crouch_one_cm":6993,"tombstone:undead_killed":27,"minecraft:interact_with_smoker":9,"minecraft:horse_one_cm":194301,"minecraft:mob_kills":99,"minecraft:damage_dealt_resisted":311,"minecraft:climb_one_cm":66457,"minecraft:walk_one_cm":1355537,"minecraft:damage_dealt_absorbed":548,"minecraft:raid_win":1,"minecraft:sneak_time":1197,"minecraft:walk_under_water_one_cm":59322,"minecraft:boat_one_cm":241423,"minecraft:interact_with_blast_furnace":1,"minecraft:total_world_time":381255,"tombstone:raider_killed":16,"minecraft:raid_trigger":1,"minecraft:interact_with_stonecutter":1,"minecraft:time_since_rest":4803,"minecraft:damage_taken":10737,"minecraft:trigger_trapped_chest":2,"minecraft:swim_one_cm":278874,"minecraft:fly_one_cm":2291334,"minecraft:open_chest":245,"minecraft:fall_one_cm":169990},"minecraft:used":{"minecraft:shield":54,"minecraft:carrot":1,"iceandfire:crackled_gravel":15,"epicfight:iron_dagger":125,"minecraft:iron_helmet":1,"epicfight:diamond_greatsword":2,"minecraft:oak_sapling":1,"minecraft:furnace":2,"minecraft:potato":2,"epicfight:skillbook":4,"minecraft:stone_pickaxe":17,"minecraft:oak_planks":34,"minecraft:wooden_pickaxe":20,"minecraft:sand":3,"iceandfire:silver_axe":84,"iceandfire:silver_pickaxe":80,"sophisticatedbackpacks:backpack":1,"minecraft:bread":91,"minecraft:gravel":1,"minecraft:wooden_sword":17,"minecraft:chainmail_boots":1,"chococraft:gysahl_green":164,"minecraft:oak_boat":6,"minecraft:cobweb":6,"minecraft:experience_bottle":2,"minecraft:stone_sword":2,"minecraft:spruce_planks":4,"minecraft:wooden_shovel":38,"minecraft:cooked_chicken":1,"minecraft:orange_bed":3,"minecraft:torch":50,"minecraft:brewing_stand":1,"minecraft:dirt":119,"minecraft:wooden_axe":49,"epicfight:iron_greatsword":123,"quark:spruce_chest":4,"minecraft:iron_boots":1,"minecraft:diamond_chestplate":1,"minecraft:goat_horn":1,"tombstone:gift":6,"minecraft:cooked_beef":8,"minecraft:iron_leggings":1,"minecraft:wheat_seeds":11,"minecraft:cooked_mutton":4,"minecraft:water_bucket":73,"iceandfire:dragon_skull_lightning":1,"tombstone:scroll_of_feather_fall":1,"minecraft:crafting_table":10,"minecraft:white_bed":10,"minecraft:smoker":1,"minecraft:wooden_hoe":124,"minecraft:diamond_shovel":120,"minecraft:iron_pickaxe":308,"minecraft:cracked_nether_bricks":1,"minecraft:cobblestone":9,"minecraft:cooked_porkchop":1,"minecraft:bucket":74,"quark:oak_chest":13,"minecraft:diamond_leggings":1},"minecraft:killed_by":{"iceandfire:cyclops":4,"minecraft:creeper":1,"minecraft:magma_cube":1,"minecraft:zombie":1,"minecraft:player":5,"stalwart_dungeons:giddy_blaze":1,"iceandfire:lightning_dragon":4},"minecraft:mined":{"stalwart_dungeons:spore_vaporizer":11,"minecraft:white_bed":6,"botania:red_mystical_flower":1,"minecraft:granite":1,"minecraft:grass_block":122,"minecraft:deepslate_bricks":2,"minecraft:spawner":5,"minecraft:weeping_vines_plant":1,"minecraft:magma_block":1,"minecraft:iron_ore":67,"minecraft:fire":2,"minecraft:deepslate_lapis_ore":3,"minecraft:deepslate_brick_stairs":1,"botania:brown_mystical_flower":1,"minecraft:orange_bed":3,"botania:green_mystical_flower":4,"minecraft:deepslate_redstone_ore":5,"stalwart_dungeons:transient_block_close":8,"botania:green_double_flower":1,"minecraft:calcite":2,"iceandfire:ghost_chest":1,"iceandfire:fire_lily":1,"minecraft:wall_torch":1,"botania:blue_mushroom":1,"minecraft:white_terracotta":7,"minecraft:nether_wart_block":3,"minecraft:birch_log":3,"minecraft:grass":108,"orcz:blue_orcshroom":1,"minecraft:oak_log":62,"minecraft:beetroots":1,"minecraft:dirt":7,"minecraft:netherrack":2,"minecraft:oak_leaves":2,"minecraft:deepslate":1,"botania:magenta_double_flower":1,"botania:magenta_mushroom":1,"iceandfire:silver_ore":4,"minecraft:mossy_cobblestone":2,"minecraft:deepslate_diamond_ore":4,"minecraft:dark_oak_log":2,"iceandfire:crackled_gravel":3,"minecraft:glow_lichen":1,"minecraft:nether_bricks":29,"minecraft:spruce_leaves":1,"minecraft:moss_block":1,"minecraft:cracked_nether_bricks":3,"minecraft:hay_block":21,"botania:magenta_mystical_flower":3,"minecraft:stripped_spruce_log":4,"minecraft:deepslate_iron_ore":3,"minecraft:shroomlight":1,"minecraft:vine":4,"crittersandcompanions:silk_cocoon":3,"minecraft:packed_ice":16,"minecraft:stone":107,"minecraft:bone_block":45,"sophisticatedbackpacks:backpack":1,"minecraft:acacia_leaves":1,"minecraft:chiseled_nether_bricks":1,"quark:oak_chest":2,"minecraft:basalt":1,"minecraft:crafting_table":1,"botania:pink_mushroom":1,"minecraft:stone_slab":1,"minecraft:tall_grass":25,"minecraft:diorite":2,"minecraft:ice":1,"minecraft:spruce_log":39,"iceandfire:ash":1,"minecraft:coal_ore":77,"minecraft:gravel":35,"minecraft:cobweb":17,"minecraft:terracotta":1,"minecraft:fern":1},"minecraft:crafted":{"minecraft:oak_planks":224,"minecraft:cooked_chicken":1,"minecraft:diamond_shovel":1,"minecraft:cooked_mutton":4,"minecraft:diamond_leggings":1,"minecraft:iron_boots":1,"mca:needle_and_thread":1,"minecraft:smoker":1,"iceandfire:silver_axe":1,"minecraft:wooden_shovel":3,"sophisticatedbackpacks:backpack":1,"minecraft:cooked_porkchop":1,"minecraft:crafting_table":9,"minecraft:spruce_planks":156,"minecraft:wooden_pickaxe":2,"minecraft:iron_helmet":4,"minecraft:brewing_stand":1,"minecraft:birch_planks":12,"minecraft:wooden_hoe":3,"minecraft:iron_chestplate":1,"minecraft:shield":2,"orcz:bone_1deco":1,"minecraft:stick":64,"quark:oak_chest":11,"minecraft:iron_ingot":70,"minecraft:iron_pickaxe":2,"minecraft:stone_sword":1,"minecraft:wooden_sword":1,"minecraft:iron_nugget":1,"minecraft:furnace":3,"minecraft:stone_pickaxe":1,"epicfight:iron_greatsword":1,"quark:spruce_chest":4,"minecraft:dark_oak_planks":8,"minecraft:wheat":154,"sophisticatedbackpacks:iron_backpack":1,"minecraft:cooked_beef":8,"iceandfire:silver_ingot":4,"epicfight:iron_dagger":1,"epicfight:stone_greatsword":1,"minecraft:bucket":2,"minecraft:bread":54,"minecraft:air":0,"minecraft:oak_boat":2,"minecraft:wooden_axe":1,"minecraft:iron_leggings":1,"minecraft:white_bed":3,"iceandfire:silver_pickaxe":2,"minecraft:torch":76,"minecraft:diamond_chestplate":1,"tombstone:bone_needle":1},"minecraft:dropped":{"minecraft:birch_planks":8,"iceandfire:silver_axe":1,"minecraft:diamond":1,"orcz:orcskull":1,"minecraft:crafting_table":2,"minecraft:red_mushroom":1,"minecraft:dirt":24,"orcz:bone_1":1,"minecraft:mutton":6,"botania:green_mystical_flower":2,"minecraft:gold_nugget":4,"minecraft:iron_pickaxe":1,"minecraft:dark_oak_planks":8,"minecraft:white_wool":4,"minecraft:iron_nugget":1,"minecraft:cobbled_deepslate":1,"minecraft:black_terracotta":1,"minecraft:rotten_flesh":14,"minecraft:oak_planks":6,"iceandfire:crackled_gravel":1,"iceandfire:ghost_chest":1,"simplehats:discoball":1,"minecraft:basalt":1,"minecraft:arrow":1,"minecraft:cracked_nether_bricks":2,"iceandfire:silver_pickaxe":1,"minecraft:egg":3,"minecraft:water_bucket":1,"epicfight:diamond_greatsword":1,"minecraft:bread":4,"minecraft:stripped_spruce_log":3,"minecraft:wheat_seeds":9,"minecraft:mossy_cobblestone":2,"minecraft:iron_helmet":3,"minecraft:cobblestone":3,"minecraft:book":4,"orcz:orcagaric":1,"chococraft:gysahl_green_seeds":2,"minecraft:granite":1,"minecraft:spruce_stairs":1,"simplehats:angrymask":2,"minecraft:stick":9,"minecraft:cobweb":1,"minecraft:torch":1,"iceandfire:copper_nugget":144,"minecraft:wooden_hoe":1,"skilltree:gem":5,"tombstone:grave_dust":16,"epicfight:stone_greatsword":1,"minecraft:white_banner":2,"orcz:bone_1deco":2,"minecraft:bucket":1,"minecraft:dandelion":2,"minecraft:kelp":4,"minecraft:light_gray_terracotta":11,"minecraft:white_terracotta":14,"minecraft:spruce_fence":2,"iceandfire:copper_sword":1,"botania:green_double_flower":1,"minecraft:wooden_shovel":1,"minecraft:stone_pickaxe":1,"minecraft:magma_block":1,"minecraft:terracotta":1},"minecraft:picked_up":{"minecraft:wooden_axe":1,"chococraft:loverly_gysahl_green":31,"minecraft:wheat":11,"minecraft:chainmail_boots":1,"simplehats:hatbag_rare":1,"minecraft:prismarine_shard":4,"minecraft:stone_slab":3,"botania:blue_mushroom":3,"minecraft:wither_rose":4,"minecraft:enchanted_book":6,"minecraft:nether_brick":30,"minecraft:brewing_stand":1,"iceandfire:manuscript":26,"minecraft:string":19,"minecraft:beetroot":2,"minecraft:cobbled_deepslate":4,"minecraft:bucket":2,"simplehats:tricorne":1,"simplehats:icedragonskull":1,"minecraft:calcite":6,"simplehats:angrymask":2,"minecraft:wooden_shovel":7,"minecraft:iron_pickaxe":3,"minecraft:tipped_arrow":8,"minecraft:golden_helmet":1,"minecraft:stick":17,"iceandfire:ghost_chest":1,"simplehats:dwarfminerbeard":2,"orcz:orcskull":3,"minecraft:brown_terracotta":2,"minecraft:torch":20,"simplehats:nekoears":2,"epicfight:diamond_greatsword":1,"minecraft:spruce_stairs":1,"epicfight:skillbook":2,"minecraft:porkchop":1,"tombstone:bone_needle":1,"iceandfire:crackled_gravel":17,"tombstone:grave_dust":20,"minecraft:goat_horn":1,"minecraft:chiseled_nether_bricks":3,"minecraft:orange_bed":3,"minecraft:stone_sword":2,"simplehats:crown":1,"minecraft:rotten_flesh":27,"orcz:orcshroom":1,"minecraft:white_terracotta":14,"minecraft:blaze_rod":13,"minecraft:cobblestone":173,"minecraft:birch_log":3,"minecraft:magma_block":1,"simplehats:discoball":1,"minecraft:feather":2,"orcz:orcteeth":44,"minecraft:water_bucket":1,"simplehats:partyhat":1,"minecraft:potato":2,"minecraft:flint":3,"minecraft:horn_coral":17,"botania:magenta_mushroom":2,"skilltree:gem":62,"minecraft:lapis_lazuli":66,"minecraft:dirt":188,"simplehats:hatbag_epic":2,"minecraft:bone":44,"minecraft:wheat_seeds":34,"simplehats:hatbag_uncommon":3,"minecraft:glowstone_dust":3,"minecraft:moss_block":3,"minecraft:oak_planks":36,"botania:red_mystical_flower":2,"minecraft:black_terracotta":6,"orcz:orcagaric":1,"tombstone:scroll_of_feather_fall":1,"mca:needle_and_thread":1,"iceandfire:shiny_scales":3,"minecraft:sand":3,"orcz:blue_orcshroom":1,"minecraft:stripped_spruce_log":3,"iceandfire:lightning_dragon_heart":2,"minecraft:dark_oak_log":2,"naturalist:duck_egg":2,"minecraft:mossy_cobblestone":6,"minecraft:light_gray_terracotta":11,"stalwart_dungeons:spore_vaporizer":20,"minecraft:sugar":3,"minecraft:diamond":46,"simplehats:cartoonegg":1,"minecraft:crossbow":1,"minecraft:granite":1,"minecraft:golden_apple":1,"minecraft:emerald":4,"minecraft:bread":4,"minecraft:rooted_dirt":6,"orcz:ironscrap":10,"minecraft:oak_sapling":1,"minecraft:netherrack":3,"iceandfire:raw_silver":4,"iceandfire:dragon_skull_lightning":5,"minecraft:crafting_table":8,"minecraft:chicken":1,"minecraft:nether_wart":12,"iceandfire:fire_lily":2,"minecraft:wooden_pickaxe":1,"minecraft:wooden_sword":1,"botania:magenta_mystical_flower":6,"minecraft:beef":52,"simplehats:rgbbigribbon":1,"minecraft:oak_boat":5,"minecraft:iron_nugget":3,"simplehats:snowmanbaby":1,"minecraft:egg":3,"minecraft:raw_iron":70,"iceandfire:dragonbone":124,"simplehats:hatbag_common":3,"minecraft:copper_ingot":3,"minecraft:spruce_fence":3,"sophisticatedbackpacks:backpack":2,"botania:green_mushroom":2,"botania:pink_mushroom":2,"minecraft:redstone":23,"minecraft:carrot":6,"minecraft:prismarine_crystals":6,"minecraft:dark_oak_planks":1,"iceandfire:silver_ingot":7,"minecraft:arrow":43,"minecraft:beetroot_seeds":4,"minecraft:nether_bricks":69,"minecraft:hay_block":18,"crittersandcompanions:silk":21,"minecraft:glistering_melon_slice":4,"minecraft:saddle":1,"minecraft:gold_ingot":14,"botania:green_mystical_flower":2,"minecraft:glow_berries":7,"minecraft:mutton":28,"botania:magenta_double_flower":2,"minecraft:bone_block":45,"minecraft:white_wool":13,"iceandfire:silver_axe":1,"minecraft:basalt":1,"minecraft:glow_ink_sac":21,"minecraft:leather":15,"minecraft:red_mushroom":1,"botania:green_double_flower":1,"minecraft:oak_log":62,"minecraft:nether_wart_block":6,"minecraft:gunpowder":1,"mca:book_romance":1,"minecraft:wooden_hoe":5,"minecraft:white_banner":3,"chococraft:gysahl_green":325,"chococraft:gold_gysahl":11,"minecraft:iron_ingot":63,"minecraft:stone_pickaxe":3,"simplehats:baseballhatrgb":1,"minecraft:cobweb":7,"minecraft:glass_bottle":1,"minecraft:book":12,"stalwart_dungeons:transient_block_close":12,"simplehats:questbook":1,"iceandfire:copper_nugget":310,"minecraft:sweet_berries":12,"orcz:bone_1":2,"epicfight:stone_greatsword":3,"iceandfire:ash":11,"minecraft:cracked_nether_bricks":9,"minecraft:dandelion":2,"orcz:bone_1deco":4,"minecraft:gravel":32,"chococraft:gysahl_green_seeds":6,"minecraft:white_bed":7,"minecraft:spruce_log":39,"quark:oak_chest":4,"minecraft:spider_eye":18,"iceandfire:silver_pickaxe":1,"minecraft:firework_rocket":18,"minecraft:slime_ball":2,"minecraft:iron_helmet":1,"minecraft:terracotta":1,"botania:brown_mystical_flower":2,"minecraft:coal":106}},"DataVersion":3465}