{"stats":{"minecraft:killed":{"minecraft:cave_spider":8,"minecraft:witch":3,"iceandfire:gorgon":1,"minecraft:spider":11,"minecraft:skeleton":113,"minecraft:chicken":3,"orcz:squig":3,"minecraft:magma_cube":20,"minecraft:piglin":6,"minecraft:pig":2,"orcz:goblinsavagemace":2,"stalwart_dungeons:giddy_blaze":33,"minecraft:creeper":5,"minecraft:sheep":11,"minecraft:pillager":10,"minecraft:zombie":92,"orcz:bigorcboss":2,"minecraft:stray":1,"iceandfire:lightning_dragon":1,"orcz:orcsavage_2sword":2,"orcz:orcshield":2,"iceandfire:sea_serpent":1,"minecraft:blaze":1,"minecraft:cow":18,"chococraft:chocobo":1,"mca:male_zombie_villager":1,"minecraft:vindicator":1,"quark:toretoise":1,"minecraft:phantom":9,"minecraft:horse":1,"iceandfire:dread_thrall":1,"iceandfire:siren":2,"stalwart_dungeons:nether_wart_cocoon":10,"minecraft:drowned":1,"orcz:orcsavagemace":2,"orcz:orcsavageweird":1,"minecraft:husk":10,"quark:foxhound":1,"takesapillage:skirmisher":1,"minecraft:wandering_trader":1,"minecraft:ravager":2,"minecraft:hoglin":2,"iceandfire:ghost":13,"minecraft:wither_skeleton":3,"minecraft:enderman":1},"minecraft:broken":{"minecraft:iron_boots":1,"minecraft:iron_chestplate":1,"minecraft:iron_leggings":3,"takesapillage:ravager_horn":2,"iceandfire:armor_silver_metal_boots":2,"minecraft:golden_chestplate":1,"minecraft:leather_boots":1,"minecraft:iron_helmet":2},"minecraft:custom":{"minecraft:interact_with_crafting_table":55,"minecraft:open_barrel":99,"minecraft:bell_ring":1,"minecraft:leave_game":16,"minecraft:time_since_death":5523,"minecraft:damage_resisted":78,"minecraft:sprint_one_cm":3788338,"minecraft:damage_blocked_by_shield":40,"minecraft:drop":137,"minecraft:talked_to_villager":1,"minecraft:play_time":604073,"minecraft:deaths":41,"minecraft:jump":13122,"minecraft:walk_on_water_one_cm":113661,"minecraft:interact_with_furnace":39,"minecraft:sleep_in_bed":13,"tombstone:sneak_grave":1,"minecraft:damage_dealt":98121,"minecraft:player_kills":5,"minecraft:crouch_one_cm":62977,"tombstone:undead_killed":245,"tombstone:villager_killed":1,"minecraft:horse_one_cm":930300,"minecraft:interact_with_smoker":1,"minecraft:interact_with_anvil":2,"minecraft:mob_kills":421,"minecraft:damage_dealt_resisted":727,"minecraft:climb_one_cm":115389,"minecraft:walk_one_cm":1776480,"minecraft:damage_dealt_absorbed":9068,"minecraft:raid_win":1,"minecraft:sneak_time":10994,"minecraft:walk_under_water_one_cm":81671,"minecraft:boat_one_cm":187995,"minecraft:interact_with_blast_furnace":1,"minecraft:total_world_time":604073,"tombstone:raider_killed":26,"minecraft:time_since_rest":3124,"minecraft:damage_taken":2147483647,"minecraft:damage_absorbed":40,"minecraft:trigger_trapped_chest":12,"minecraft:swim_one_cm":554686,"minecraft:fly_one_cm":5144420,"minecraft:open_chest":275,"minecraft:fall_one_cm":357206},"minecraft:used":{"minecraft:white_terracotta":60,"minecraft:shield":7,"minecraft:iron_sword":63,"minecraft:rotten_flesh":2,"minecraft:iron_chestplate":1,"minecraft:nether_bricks":16,"minecraft:carrot":11,"minecraft:tuff":1,"minecraft:obsidian":20,"minecraft:bricks":29,"quark:deepslate_furnace":5,"iceandfire:ghost_chest":3,"minecraft:iron_helmet":1,"epicfight:diamond_greatsword":539,"minecraft:bow":20,"minecraft:furnace":3,"minecraft:egg":2,"epicfight:skillbook":11,"minecraft:mossy_stone_bricks":11,"minecraft:diorite":1,"minecraft:oak_planks":11,"minecraft:stone_pickaxe":33,"minecraft:wooden_pickaxe":63,"epicfight:iron_longsword":242,"stalwart_dungeons:transient_block_close":2,"naturalist:duck_egg":1,"minecraft:golden_apple":1,"minecraft:white_wool":2,"minecraft:sand":4,"minecraft:light_gray_terracotta":10,"minecraft:dark_oak_log":9,"minecraft:bread":295,"tombstone:grave_key":5,"minecraft:nether_wart_block":1,"chococraft:gysahl_green":89,"minecraft:experience_bottle":4,"quark:birch_chest":2,"minecraft:acacia_log":8,"minecraft:flint_and_steel":21,"minecraft:spruce_planks":21,"minecraft:netherrack":105,"minecraft:orange_bed":1,"minecraft:anvil":1,"minecraft:torch":26,"minecraft:dirt":7,"minecraft:spruce_stairs":28,"minecraft:brown_terracotta":21,"minecraft:dark_oak_planks":87,"minecraft:wooden_axe":41,"quark:spruce_chest":5,"minecraft:iron_axe":151,"minecraft:smooth_sandstone":64,"minecraft:crimson_planks":2,"quark:orange_corundum":1,"minecraft:golden_carrot":3,"tombstone:gift":7,"minecraft:cooked_beef":3,"minecraft:cobbled_deepslate":26,"minecraft:calcite":7,"minecraft:wheat_seeds":2,"minecraft:cooked_mutton":12,"minecraft:water_bucket":28,"minecraft:lodestone":1,"minecraft:birch_planks":2,"minecraft:red_nether_bricks":7,"minecraft:birch_boat":1,"minecraft:leather_boots":1,"minecraft:cracked_stone_bricks":1,"minecraft:polished_blackstone_bricks":6,"minecraft:mossy_cobblestone":2,"minecraft:terracotta":1,"minecraft:oak_slab":64,"minecraft:red_bed":1,"minecraft:crafting_table":17,"minecraft:white_bed":2,"minecraft:spruce_log":1,"minecraft:dark_prismarine":3,"minecraft:diamond_pickaxe":436,"minecraft:apple":1,"minecraft:diamond_shovel":1254,"minecraft:iron_pickaxe":285,"minecraft:cracked_nether_bricks":1,"minecraft:leather_helmet":2,"quark:dark_oak_chest":1,"minecraft:cobblestone":28,"minecraft:cooked_porkchop":3,"minecraft:bucket":30,"takesapillage:ravager_horn":2},"minecraft:killed_by":{"mutantmonsters:mutant_zombie":1,"minecraft:wither_skeleton":2,"iceandfire:cyclops":4,"minecraft:piglin":1,"minecraft:zombie":2,"iceandfire:fire_dragon":1,"minecraft:husk":11,"minecraft:player":1,"stalwart_dungeons:giddy_blaze":3,"iceandfire:gorgon":1,"minecraft:skeleton":2,"iceandfire:lightning_dragon":3,"cataclysm:netherite_monstrosity":1},"minecraft:mined":{"minecraft:dark_oak_planks":20,"minecraft:red_nether_brick_slab":1,"stalwart_dungeons:spore_vaporizer":5,"minecraft:spruce_planks":18,"minecraft:prismarine_wall":1,"iceandfire:graveyard_soil":10,"minecraft:black_terracotta":5,"minecraft:red_nether_bricks":10,"minecraft:brewing_stand":1,"minecraft:obsidian":25,"minecraft:granite":4,"minecraft:acacia_log":24,"minecraft:grass_block":15,"quark:white_corundum":3,"iceandfire:lectern":1,"minecraft:coal_block":45,"minecraft:deepslate_bricks":1,"minecraft:nether_wart":24,"minecraft:spawner":29,"minecraft:tall_seagrass":1,"minecraft:polished_blackstone_bricks":3,"minecraft:iron_ore":14,"minecraft:fire":21,"minecraft:anvil":3,"chococraft:gysahl_green":59,"minecraft:iron_bars":1,"minecraft:stripped_mangrove_wood":1,"minecraft:orange_bed":1,"minecraft:deepslate_redstone_ore":5,"minecraft:red_bed":1,"minecraft:blackstone":4,"minecraft:crimson_nylium":5,"stalwart_dungeons:transient_block_close":8,"quark:white_corundum_cluster":8,"minecraft:light_gray_terracotta":10,"minecraft:dark_oak_wood":4,"minecraft:calcite":10,"minecraft:poppy":2,"iceandfire:ghost_chest":4,"minecraft:cobblestone":6,"botania:light_gray_double_flower":1,"minecraft:bricks":31,"minecraft:skeleton_skull":1,"minecraft:white_terracotta":51,"minecraft:nether_wart_block":3,"minecraft:birch_log":9,"minecraft:smooth_stone_slab":1,"minecraft:grass":167,"minecraft:oak_log":23,"minecraft:dirt":9,"minecraft:sand":1243,"minecraft:crimson_planks":2,"minecraft:deepslate":55,"minecraft:netherrack":173,"minecraft:oak_leaves":14,"minecraft:dark_prismarine":4,"minecraft:tuff":1,"iceandfire:silver_ore":3,"minecraft:mossy_cobblestone":3,"minecraft:deepslate_diamond_ore":38,"minecraft:dark_oak_log":26,"minecraft:nether_bricks":26,"minecraft:decorated_pot":7,"minecraft:weeping_vines":1,"minecraft:redstone_wire":1,"minecraft:spruce_leaves":5,"minecraft:moss_block":5,"quark:orange_corundum_cluster":3,"minecraft:cracked_nether_bricks":2,"minecraft:crimson_stem":8,"minecraft:large_fern":4,"minecraft:hay_block":42,"quark:orange_corundum":1,"minecraft:deepslate_iron_ore":13,"minecraft:vine":1,"crittersandcompanions:silk_cocoon":1,"minecraft:packed_ice":30,"minecraft:smooth_quartz_stairs":1,"minecraft:stone":62,"iceandfire:podium_spruce":1,"minecraft:soul_sand":9,"minecraft:basalt":2,"minecraft:crafting_table":1,"minecraft:tall_grass":16,"minecraft:diorite":1,"minecraft:spruce_stairs":4,"minecraft:red_terracotta":1,"minecraft:coarse_dirt":1,"minecraft:beehive":1,"minecraft:spruce_log":39,"minecraft:birch_leaves":2,"quark:deepslate_furnace":2,"minecraft:coal_ore":1,"minecraft:lodestone":2,"minecraft:brown_terracotta":11,"minecraft:cracked_stone_bricks":5,"minecraft:terracotta":7,"minecraft:stone_bricks":6,"minecraft:mossy_stone_bricks":11,"minecraft:fern":19},"minecraft:crafted":{"minecraft:oak_planks":92,"quark:birch_chest":2,"chococraft:chocobo_whistle":1,"minecraft:birch_boat":1,"quark:deepslate_furnace":3,"minecraft:cooked_mutton":5,"sophisticatedbackpacks:smelting_upgrade":1,"minecraft:iron_boots":2,"minecraft:polished_blackstone":4,"minecraft:oak_slab":64,"sophisticatedbackpacks:backpack":1,"minecraft:crafting_table":15,"minecraft:spruce_planks":144,"minecraft:wooden_pickaxe":3,"minecraft:iron_helmet":2,"epicfight:iron_longsword":1,"minecraft:birch_planks":36,"sophisticatedbackpacks:upgrade_base":1,"minecraft:iron_chestplate":1,"minecraft:shield":1,"sophisticatedbackpacks:diamond_backpack":1,"minecraft:stick":16,"minecraft:iron_ingot":27,"minecraft:iron_pickaxe":1,"minecraft:iron_block":3,"minecraft:sandstone":256,"minecraft:polished_blackstone_bricks":4,"epicfight:diamond_greatsword":1,"minecraft:furnace":5,"quark:dark_oak_chest":1,"minecraft:spruce_stairs":28,"minecraft:iron_axe":1,"minecraft:stone_pickaxe":1,"iceandfire:armor_silver_metal_boots":1,"quark:spruce_chest":6,"minecraft:dark_oak_planks":84,"minecraft:wheat":270,"sophisticatedbackpacks:iron_backpack":1,"minecraft:crimson_planks":32,"minecraft:smooth_sandstone":192,"sophisticatedbackpacks:gold_backpack":1,"minecraft:bucket":2,"minecraft:air":0,"minecraft:bread":90,"minecraft:wooden_axe":1,"minecraft:iron_leggings":1,"chococraft:chocobo_saddle":1,"minecraft:anvil":1,"minecraft:white_bed":2,"minecraft:acacia_planks":8,"minecraft:torch":8},"minecraft:dropped":{"minecraft:birch_planks":7,"chococraft:loverly_gysahl_green":1,"minecraft:glow_ink_sac":3,"minecraft:iron_horse_armor":2,"minecraft:saddle":2,"minecraft:leather_helmet":2,"minecraft:red_mushroom":3,"iceandfire:graveyard_soil":2,"minecraft:dirt":8,"iceandfire:armor_silver_metal_leggings":1,"simplehats:policebucket":1,"minecraft:sand":1,"minecraft:dark_oak_planks":8,"minecraft:white_wool":8,"iceandfire:dread_shard":6,"minecraft:bone":16,"simplehats:hatbag_rare":4,"minecraft:cobbled_deepslate":9,"minecraft:black_terracotta":2,"minecraft:rotten_flesh":77,"minecraft:oak_planks":7,"minecraft:acacia_stairs":1,"sophisticatedbackpacks:diamond_backpack":1,"simplehats:popehat":1,"iceandfire:ghost_chest":1,"simplehats:discoball":1,"minecraft:beetroot_seeds":1,"minecraft:leather_boots":1,"minecraft:chainmail_boots":1,"minecraft:leather_leggings":1,"minecraft:arrow":10,"simplehats:eyepatch":1,"minecraft:netherrack":18,"minecraft:egg":1,"minecraft:enchanted_book":1,"epicfight:diamond_greatsword":4,"minecraft:iron_ingot":19,"minecraft:bread":1,"minecraft:wheat_seeds":10,"chococraft:gold_gysahl":2,"minecraft:plenty_pottery_sherd":4,"minecraft:iron_helmet":1,"minecraft:feather":6,"minecraft:cobblestone":2,"quark:white_corundum":3,"minecraft:granite":2,"chococraft:gysahl_green_seeds":8,"minecraft:spruce_stairs":2,"minecraft:stick":4,"minecraft:cobweb":6,"iceandfire:copper_nugget":192,"minecraft:torch":11,"tombstone:grave_key":2,"skilltree:gem":1,"minecraft:brown_terracotta":1,"minecraft:iron_leggings":2,"minecraft:string":10,"minecraft:spruce_sapling":1,"iceandfire:dragonbone":20,"minecraft:bricks":2,"minecraft:light_gray_terracotta":8,"simplehats:toptophathat":1,"minecraft:chicken":10,"minecraft:flint_and_steel":1,"minecraft:spruce_planks":3,"minecraft:diamond_pickaxe":3,"iceandfire:silver_ingot":1,"orcz:squigs_claws":1,"simplehats:sunglasses":1,"minecraft:wooden_pickaxe":1,"epicfight:skillbook":3,"minecraft:terracotta":2},"minecraft:picked_up":{"chococraft:loverly_gysahl_green":9,"quark:orange_corundum":1,"minecraft:creeper_head":3,"simplehats:hatbag_rare":14,"minecraft:anvil":3,"simplehats:popehat":1,"minecraft:enchanted_book":1,"minecraft:nether_brick":61,"minecraft:crimson_planks":2,"minecraft:brewing_stand":1,"iceandfire:manuscript":8,"minecraft:string":28,"minecraft:raw_copper":6,"minecraft:smooth_stone_slab":1,"minecraft:red_nether_bricks":8,"minecraft:iron_leggings":2,"minecraft:zombie_head":1,"minecraft:shroomlight":1,"botania:light_gray_double_flower":1,"minecraft:cobbled_deepslate":59,"simplehats:tricorne":1,"minecraft:spruce_planks":21,"minecraft:calcite":7,"simplehats:icedragonskull":1,"minecraft:coal_block":45,"minecraft:tipped_arrow":6,"minecraft:stick":6,"minecraft:beehive":1,"iceandfire:ghost_chest":5,"minecraft:brown_terracotta":22,"minecraft:torch":12,"minecraft:brick_wall":1,"minecraft:acacia_log":24,"epicfight:diamond_greatsword":4,"minecraft:spruce_stairs":2,"epicfight:skillbook":18,"minecraft:porkchop":5,"iceandfire:lightning_dragon_flesh":7,"orcz:squigs_claws":3,"tombstone:grave_dust":50,"minecraft:diorite":1,"simplehats:megamanhat":2,"minecraft:orange_bed":1,"simplehats:crown":1,"minecraft:rotten_flesh":113,"minecraft:white_terracotta":62,"chococraft:chocobo_drumstick_raw":1,"minecraft:blaze_rod":33,"minecraft:obsidian":25,"minecraft:iron_bars":1,"minecraft:cobblestone":65,"minecraft:birch_log":9,"simplehats:discoball":2,"minecraft:feather":9,"minecraft:cooked_beef":3,"orcz:orcteeth":49,"minecraft:potato":1,"minecraft:tuff":1,"simplehats:beaniergb":1,"skilltree:gem":15,"minecraft:dirt":18,"minecraft:name_tag":1,"simplehats:hatbag_epic":6,"minecraft:leather_boots":2,"minecraft:bone":126,"minecraft:bow":1,"simplehats:flowercrown":1,"minecraft:wheat_seeds":33,"minecraft:raw_gold":6,"minecraft:mossy_stone_bricks":11,"simplehats:hatbag_uncommon":14,"simplehats:toptophathat":1,"minecraft:glowstone_dust":2,"minecraft:oak_planks":5,"iceandfire:dragonscales_amythest":4,"minecraft:black_terracotta":7,"minecraft:cooked_porkchop":3,"minecraft:music_disc_13":1,"iceandfire:podium_spruce":1,"minecraft:sand":1074,"minecraft:acacia_stairs":1,"minecraft:diamond_block":1,"minecraft:dark_oak_log":26,"naturalist:duck_egg":2,"minecraft:mossy_cobblestone":2,"minecraft:dark_prismarine":4,"minecraft:bundle":9,"minecraft:light_gray_terracotta":18,"stalwart_dungeons:spore_vaporizer":4,"minecraft:sugar":2,"minecraft:diamond":43,"iceandfire:lectern":1,"simplehats:sunglasses":1,"simplehats:policebucket":1,"minecraft:crossbow":1,"minecraft:granite":2,"minecraft:emerald":1,"minecraft:bread":22,"iceandfire:gorgon_head":1,"orcz:ironscrap":2,"minecraft:plenty_pottery_sherd":4,"minecraft:oak_sapling":1,"minecraft:netherrack":172,"minecraft:bricks":33,"minecraft:crimson_roots":1,"iceandfire:raw_silver":3,"minecraft:diamond_pickaxe":3,"iceandfire:dragon_skull_lightning":2,"minecraft:crafting_table":2,"quark:white_corundum_cluster":12,"minecraft:chicken":11,"minecraft:nether_wart":71,"minecraft:leather_leggings":1,"minecraft:brown_mushroom":2,"simplehats:rgbushanka":1,"minecraft:gold_block":1,"minecraft:diamond_horse_armor":1,"simplehats:mohawk":1,"minecraft:red_bed":1,"minecraft:flint_and_steel":1,"takesapillage:ravager_horn":2,"minecraft:blackstone":4,"minecraft:cracked_stone_bricks":1,"iceandfire:graveyard_soil":2,"iceandfire:bestiary":1,"minecraft:beef":36,"simplehats:greenbirb":1,"iceandfire:dread_shard":6,"minecraft:poppy":1,"minecraft:birch_sapling":1,"minecraft:phantom_membrane":1,"quark:orange_corundum_cluster":4,"minecraft:egg":6,"minecraft:raw_iron":42,"iceandfire:dragonbone":34,"simplehats:hatbag_common":17,"sophisticatedbackpacks:backpack":1,"minecraft:polished_blackstone_bricks":2,"quark:deepslate_furnace":2,"orcz:orchorn":2,"simplehats:the_noise":1,"simplehats:fishing_hat":1,"minecraft:redstone":23,"minecraft:iron_horse_armor":2,"minecraft:dark_oak_planks":24,"minecraft:arrow":102,"minecraft:weeping_vines":1,"minecraft:nether_bricks":27,"crittersandcompanions:silk":4,"minecraft:hay_block":42,"minecraft:saddle":2,"tombstone:essence_of_undeath":1,"simplehats:rgbdragonskull":1,"simplehats:eyepatch":1,"minecraft:mutton":8,"minecraft:skeleton_skull":1,"minecraft:white_wool":14,"minecraft:bone_block":15,"minecraft:air":0,"minecraft:basalt":2,"iceandfire:sea_serpent_fang":7,"minecraft:glow_ink_sac":5,"minecraft:crimson_stem":8,"quark:white_corundum":3,"minecraft:leather":16,"minecraft:red_mushroom":2,"minecraft:birch_planks":4,"minecraft:oak_log":23,"minecraft:nether_wart_block":3,"minecraft:gunpowder":4,"tombstone:gift":1,"minecraft:white_banner":3,"botania:yellow_mushroom":1,"minecraft:cooked_mutton":7,"naturalist:bass":1,"chococraft:chocobo_feather":3,"chococraft:gysahl_green":144,"minecraft:stone_bricks":1,"chococraft:gold_gysahl":3,"simplehats:pom_moog":1,"simplehats:finnhood":1,"minecraft:rabbit_hide":10,"minecraft:iron_ingot":19,"minecraft:cobweb":25,"tombstone:bag_of_seeds":2,"iceandfire:sea_serpent_scales_deepblue":7,"minecraft:soul_sand":3,"sophisticatedbackpacks:diamond_backpack":1,"stalwart_dungeons:transient_block_close":10,"minecraft:oak_slab":2,"iceandfire:copper_nugget":210,"minecraft:dandelion":2,"minecraft:cracked_nether_bricks":1,"orcz:bone_1deco":1,"minecraft:gravel":1,"chococraft:gysahl_green_seeds":54,"minecraft:spruce_sapling":1,"minecraft:spruce_log":37,"minecraft:spider_eye":4,"minecraft:leather_helmet":2,"minecraft:iron_helmet":2,"minecraft:lodestone":1,"minecraft:terracotta":5,"minecraft:red_nether_brick_slab":1,"tombstone:magic_scroll":2,"minecraft:brown_banner":1,"minecraft:dark_oak_wood":4,"minecraft:coal":40}},"DataVersion":3465}