{"stats":{"minecraft:killed_by":{"mutantmonsters:mutant_zombie":1,"stalwart_dungeons:giddy_blaze":3,"iceandfire:lightning_dragon":3,"minecraft:zombie":2,"iceandfire:fire_dragon":1},"minecraft:picked_up":{"iceandfire:dragon_skull_lightning":2,"minecraft:crafting_table":2,"chococraft:loverly_gysahl_green":7,"simplehats:hatbag_rare":1,"minecraft:chicken":11,"minecraft:nether_wart":71,"simplehats:rgbushanka":1,"minecraft:nether_brick":61,"minecraft:brewing_stand":1,"minecraft:string":16,"minecraft:smooth_stone_slab":1,"minecraft:red_nether_bricks":7,"minecraft:shroomlight":1,"minecraft:cracked_stone_bricks":1,"minecraft:cobbled_deepslate":29,"simplehats:tricorne":1,"minecraft:beef":3,"minecraft:poppy":1,"minecraft:coal_block":14,"minecraft:birch_sapling":1,"minecraft:egg":3,"minecraft:stick":6,"minecraft:raw_iron":23,"iceandfire:dragonbone":34,"simplehats:hatbag_common":2,"minecraft:brown_terracotta":22,"minecraft:torch":12,"minecraft:acacia_log":2,"epicfight:diamond_greatsword":2,"epicfight:skillbook":3,"iceandfire:lightning_dragon_flesh":7,"quark:deepslate_furnace":2,"orcz:orchorn":1,"orcz:squigs_claws":3,"simplehats:the_noise":1,"tombstone:grave_dust":9,"minecraft:iron_horse_armor":2,"simplehats:megamanhat":2,"minecraft:rotten_flesh":61,"minecraft:weeping_vines":1,"minecraft:arrow":13,"minecraft:nether_bricks":17,"minecraft:hay_block":30,"tombstone:essence_of_undeath":1,"minecraft:white_terracotta":60,"minecraft:blaze_rod":33,"simplehats:eyepatch":1,"minecraft:obsidian":10,"minecraft:mutton":5,"minecraft:cobblestone":30,"minecraft:skeleton_skull":1,"minecraft:white_wool":11,"minecraft:birch_log":7,"minecraft:feather":9,"minecraft:cooked_beef":3,"orcz:orcteeth":26,"minecraft:glow_ink_sac":3,"minecraft:leather":2,"minecraft:red_mushroom":2,"minecraft:potato":1,"minecraft:birch_planks":4,"minecraft:oak_log":21,"minecraft:nether_wart_block":3,"skilltree:gem":10,"minecraft:dirt":5,"simplehats:hatbag_epic":1,"tombstone:gift":1,"minecraft:name_tag":1,"minecraft:leather_boots":2,"minecraft:cooked_mutton":7,"naturalist:bass":1,"minecraft:bone":8,"chococraft:gysahl_green":114,"minecraft:stone_bricks":1,"chococraft:gold_gysahl":3,"minecraft:wheat_seeds":27,"minecraft:iron_ingot":19,"minecraft:mossy_stone_bricks":11,"simplehats:hatbag_uncommon":5,"simplehats:toptophathat":1,"minecraft:oak_planks":1,"minecraft:soul_sand":3,"iceandfire:dragonscales_amythest":4,"stalwart_dungeons:transient_block_close":10,"minecraft:oak_slab":2,"iceandfire:copper_nugget":210,"minecraft:black_terracotta":7,"minecraft:cooked_porkchop":3,"minecraft:dandelion":2,"minecraft:cracked_nether_bricks":1,"orcz:bone_1deco":1,"minecraft:gravel":1,"chococraft:gysahl_green_seeds":43,"naturalist:duck_egg":1,"minecraft:spruce_log":3,"minecraft:acacia_stairs":1,"minecraft:mossy_cobblestone":2,"minecraft:bundle":1,"minecraft:light_gray_terracotta":18,"stalwart_dungeons:spore_vaporizer":4,"minecraft:diamond":29,"minecraft:iron_helmet":2,"orcz:ironscrap":1,"minecraft:brown_banner":1,"minecraft:netherrack":2,"minecraft:coal":5,"iceandfire:raw_silver":3},"minecraft:broken":{"minecraft:iron_boots":1,"minecraft:iron_leggings":1,"minecraft:iron_helmet":1},"minecraft:custom":{"minecraft:mob_kills":144,"minecraft:interact_with_crafting_table":26,"minecraft:open_barrel":23,"minecraft:bell_ring":1,"minecraft:damage_dealt_resisted":727,"minecraft:leave_game":6,"minecraft:time_since_death":21684,"minecraft:climb_one_cm":3572,"minecraft:damage_resisted":78,"minecraft:sprint_one_cm":1652544,"minecraft:walk_one_cm":684777,"minecraft:damage_blocked_by_shield":40,"minecraft:drop":75,"minecraft:damage_dealt_absorbed":938,"minecraft:play_time":228007,"minecraft:sneak_time":6057,"minecraft:deaths":17,"minecraft:walk_under_water_one_cm":37927,"minecraft:jump":6617,"minecraft:walk_on_water_one_cm":43575,"minecraft:total_world_time":228007,"minecraft:interact_with_furnace":17,"minecraft:sleep_in_bed":1,"minecraft:time_since_rest":20877,"minecraft:damage_taken":10407,"minecraft:damage_dealt":26899,"minecraft:player_kills":1,"minecraft:swim_one_cm":226538,"minecraft:fly_one_cm":2577160,"minecraft:open_chest":86,"minecraft:crouch_one_cm":34592,"tombstone:undead_killed":59,"minecraft:interact_with_smoker":1,"minecraft:fall_one_cm":184394,"minecraft:horse_one_cm":327965},"minecraft:crafted":{"epicfight:diamond_greatsword":1,"minecraft:oak_planks":84,"quark:birch_chest":2,"quark:deepslate_furnace":2,"minecraft:cooked_mutton":5,"minecraft:iron_boots":2,"minecraft:iron_axe":1,"minecraft:stone_pickaxe":1,"quark:spruce_chest":1,"minecraft:wheat":270,"minecraft:oak_slab":64,"sophisticatedbackpacks:backpack":1,"minecraft:crafting_table":9,"minecraft:spruce_planks":12,"minecraft:wooden_pickaxe":1,"minecraft:iron_helmet":2,"epicfight:iron_longsword":1,"minecraft:bucket":1,"minecraft:birch_planks":28,"minecraft:air":0,"minecraft:bread":90,"minecraft:iron_chestplate":1,"minecraft:shield":1,"minecraft:stick":8,"minecraft:wooden_axe":1,"minecraft:iron_ingot":27,"minecraft:iron_pickaxe":1,"minecraft:iron_leggings":1,"minecraft:white_bed":1,"minecraft:acacia_planks":8},"minecraft:used":{"quark:birch_chest":2,"minecraft:flint_and_steel":19,"minecraft:white_terracotta":13,"minecraft:shield":7,"minecraft:iron_sword":63,"minecraft:rotten_flesh":2,"minecraft:netherrack":1,"minecraft:iron_chestplate":1,"minecraft:torch":26,"minecraft:dirt":1,"minecraft:nether_bricks":16,"minecraft:carrot":11,"minecraft:obsidian":10,"minecraft:brown_terracotta":21,"minecraft:wooden_axe":41,"quark:deepslate_furnace":4,"minecraft:iron_axe":12,"minecraft:iron_helmet":1,"epicfight:diamond_greatsword":55,"tombstone:gift":6,"minecraft:cooked_beef":3,"minecraft:cobbled_deepslate":11,"minecraft:wheat_seeds":2,"minecraft:cooked_mutton":12,"minecraft:water_bucket":12,"epicfight:skillbook":3,"minecraft:mossy_stone_bricks":11,"minecraft:birch_planks":2,"minecraft:stone_pickaxe":33,"minecraft:red_nether_bricks":7,"minecraft:oak_planks":11,"minecraft:wooden_pickaxe":9,"epicfight:iron_longsword":242,"naturalist:duck_egg":1,"stalwart_dungeons:transient_block_close":2,"minecraft:cracked_stone_bricks":1,"minecraft:mossy_cobblestone":2,"minecraft:oak_slab":64,"minecraft:crafting_table":11,"minecraft:light_gray_terracotta":10,"minecraft:white_bed":1,"minecraft:diamond_pickaxe":14,"minecraft:bread":92,"minecraft:iron_pickaxe":285,"minecraft:cracked_nether_bricks":1,"minecraft:nether_wart_block":1,"minecraft:cobblestone":27,"minecraft:cooked_porkchop":3,"minecraft:bucket":13,"chococraft:gysahl_green":89},"minecraft:mined":{"stalwart_dungeons:spore_vaporizer":5,"minecraft:prismarine_wall":1,"iceandfire:silver_ore":3,"minecraft:mossy_cobblestone":3,"minecraft:deepslate_diamond_ore":25,"minecraft:black_terracotta":5,"minecraft:red_nether_bricks":7,"minecraft:brewing_stand":1,"minecraft:obsidian":10,"minecraft:nether_bricks":15,"minecraft:acacia_log":2,"minecraft:grass_block":7,"minecraft:decorated_pot":1,"minecraft:coal_block":14,"minecraft:spruce_leaves":1,"minecraft:moss_block":5,"minecraft:nether_wart":24,"minecraft:cracked_nether_bricks":2,"minecraft:spawner":5,"minecraft:large_fern":4,"minecraft:hay_block":30,"minecraft:iron_ore":14,"minecraft:fire":21,"chococraft:gysahl_green":46,"minecraft:deepslate_iron_ore":12,"minecraft:vine":1,"minecraft:stone":27,"minecraft:soul_sand":9,"stalwart_dungeons:transient_block_close":8,"minecraft:light_gray_terracotta":10,"minecraft:crafting_table":1,"minecraft:poppy":1,"minecraft:tall_grass":13,"minecraft:cobblestone":4,"minecraft:skeleton_skull":1,"minecraft:white_terracotta":49,"minecraft:coarse_dirt":1,"minecraft:nether_wart_block":3,"minecraft:birch_log":7,"minecraft:spruce_log":3,"minecraft:birch_leaves":1,"minecraft:smooth_stone_slab":1,"quark:deepslate_furnace":2,"minecraft:grass":132,"minecraft:oak_log":21,"minecraft:coal_ore":1,"minecraft:dirt":2,"minecraft:brown_terracotta":11,"minecraft:cracked_stone_bricks":5,"minecraft:stone_bricks":5,"minecraft:netherrack":2,"minecraft:mossy_stone_bricks":11,"minecraft:oak_leaves":12,"minecraft:deepslate":35,"minecraft:fern":10},"minecraft:killed":{"minecraft:cave_spider":3,"minecraft:spider":3,"minecraft:skeleton":10,"minecraft:chicken":3,"stalwart_dungeons:nether_wart_cocoon":10,"orcz:squig":3,"orcz:orcsavagemace":2,"minecraft:magma_cube":3,"minecraft:pig":2,"orcz:goblinsavagemace":2,"stalwart_dungeons:giddy_blaze":33,"minecraft:creeper":1,"minecraft:sheep":7,"minecraft:zombie":49,"orcz:bigorcboss":1,"iceandfire:lightning_dragon":1,"orcz:orcsavage_2sword":2,"orcz:orcshield":2,"minecraft:cow":3,"minecraft:enderman":1},"minecraft:dropped":{"epicfight:diamond_greatsword":2,"minecraft:iron_ingot":19,"chococraft:loverly_gysahl_green":1,"minecraft:birch_planks":4,"minecraft:wheat_seeds":8,"minecraft:glow_ink_sac":3,"chococraft:gold_gysahl":2,"minecraft:iron_helmet":1,"minecraft:feather":6,"minecraft:iron_horse_armor":2,"minecraft:red_mushroom":3,"minecraft:stick":4,"minecraft:dirt":2,"minecraft:torch":11,"iceandfire:copper_nugget":192,"tombstone:grave_key":2,"skilltree:gem":1,"minecraft:brown_terracotta":1,"minecraft:string":6,"minecraft:white_wool":8,"iceandfire:dragonbone":20,"minecraft:bone":8,"minecraft:cobbled_deepslate":2,"minecraft:light_gray_terracotta":8,"simplehats:toptophathat":1,"minecraft:black_terracotta":2,"minecraft:chicken":10,"minecraft:rotten_flesh":69,"minecraft:oak_planks":2,"minecraft:acacia_stairs":1,"minecraft:spruce_planks":3,"minecraft:beetroot_seeds":1,"minecraft:leather_boots":1,"orcz:squigs_claws":1,"minecraft:arrow":10,"minecraft:wooden_pickaxe":1,"simplehats:eyepatch":1,"minecraft:egg":1}},"DataVersion":3465}