{"stats":{"minecraft:killed_by":{"iceandfire:cyclops":3,"minecraft:spider":1},"minecraft:custom":{"minecraft:interact_with_furnace":5,"minecraft:mob_kills":33,"minecraft:animals_bred":4,"minecraft:interact_with_crafting_table":8,"minecraft:damage_dealt_resisted":568,"minecraft:leave_game":8,"minecraft:time_since_death":115273,"minecraft:sleep_in_bed":10,"minecraft:time_since_rest":15554,"minecraft:sprint_one_cm":751467,"minecraft:damage_taken":2613,"minecraft:walk_one_cm":393924,"minecraft:drop":19,"minecraft:damage_dealt":6484,"minecraft:damage_dealt_absorbed":831,"minecraft:swim_one_cm":42069,"minecraft:fly_one_cm":1819212,"minecraft:open_chest":79,"minecraft:crouch_one_cm":18996,"minecraft:play_time":145809,"tombstone:undead_killed":23,"minecraft:deaths":4,"minecraft:sneak_time":2013,"minecraft:walk_under_water_one_cm":17082,"minecraft:jump":4120,"minecraft:walk_on_water_one_cm":12673,"minecraft:total_world_time":145809,"minecraft:fall_one_cm":112489},"minecraft:mined":{"minecraft:dark_oak_planks":5,"minecraft:spruce_planks":19,"minecraft:oak_sapling":1,"minecraft:dark_oak_leaves":18,"minecraft:dark_oak_log":63,"iceandfire:frozen_cobblestone":3,"minecraft:smooth_sandstone":3,"minecraft:dark_oak_fence":2,"iceandfire:frozen_stone":2,"minecraft:grass_block":1,"minecraft:nether_quartz_ore":4,"minecraft:spruce_leaves":3,"minecraft:spawner":1,"minecraft:white_terracotta":2,"botania:magenta_mystical_flower":1,"minecraft:iron_ore":14,"minecraft:spruce_log":5,"minecraft:andesite":2,"minecraft:grass":8,"chococraft:gysahl_green":11,"minecraft:dark_oak_sapling":1,"minecraft:crimson_planks":1,"minecraft:netherrack":1,"minecraft:oak_leaves":1,"minecraft:fern":1},"minecraft:used":{"minecraft:water_bucket":11,"epicfight:skillbook":3,"minecraft:enchanting_table":1,"minecraft:spruce_planks":16,"minecraft:white_terracotta":4,"minecraft:cooked_chicken":1,"minecraft:netherrack":43,"minecraft:dirt":13,"minecraft:crafting_table":1,"minecraft:spruce_fence":12,"minecraft:wooden_axe":3,"minecraft:dark_oak_planks":105,"minecraft:diamond_pickaxe":34,"minecraft:dark_oak_log":24,"minecraft:iron_axe":91,"minecraft:bread":58,"minecraft:smooth_sandstone":92,"minecraft:iron_helmet":1,"tombstone:grave_key":2,"minecraft:crimson_planks":1,"epicfight:diamond_greatsword":61,"minecraft:diamond_chestplate":2,"minecraft:oak_sapling":1,"minecraft:dark_oak_fence":8,"minecraft:bucket":10,"tombstone:gift":2,"minecraft:pumpkin_pie":1,"minecraft:bone_meal":24,"minecraft:dark_oak_sapling":2},"minecraft:picked_up":{"chococraft:loverly_gysahl_green":2,"minecraft:lilac":1,"simplehats:hatbag_rare":2,"minecraft:andesite":2,"minecraft:potato":1,"minecraft:crimson_planks":1,"minecraft:gunpowder":5,"skilltree:gem":2,"minecraft:dirt":14,"minecraft:string":3,"iceandfire:frozen_stone":2,"chococraft:chocobo_feather":7,"minecraft:smooth_sandstone":3,"botania:magenta_mystical_flower":1,"chococraft:gysahl_green":29,"minecraft:apple":1,"chococraft:gold_gysahl":1,"minecraft:wheat_seeds":1,"minecraft:spruce_planks":14,"minecraft:egg":1,"minecraft:raw_iron":14,"minecraft:dark_oak_sapling":2,"simplehats:hatbag_common":5,"minecraft:sweet_berries":9,"minecraft:quartz":4,"epicfight:diamond_greatsword":1,"sophisticatedbackpacks:backpack":1,"epicfight:skillbook":1,"minecraft:spruce_sapling":1,"chococraft:gysahl_green_seeds":11,"tombstone:grave_dust":4,"simplehats:fishing_hat":1,"minecraft:spruce_log":46,"minecraft:dark_oak_log":63,"minecraft:spider_eye":1,"minecraft:dark_oak_planks":5,"minecraft:arrow":3,"minecraft:rotten_flesh":17,"minecraft:white_terracotta":4,"tombstone:magic_scroll":1,"minecraft:oak_sapling":2,"minecraft:netherrack":1,"minecraft:dark_oak_fence":2,"minecraft:cobblestone":3},"minecraft:crafted":{"minecraft:crafting_table":1,"minecraft:enchanting_table":1,"minecraft:spruce_planks":200,"minecraft:bone_meal":24,"minecraft:spruce_fence":12,"minecraft:bread":21,"minecraft:dark_oak_fence":6,"tombstone:grave_key":2,"minecraft:stick":16,"minecraft:wooden_axe":1,"minecraft:dark_oak_planks":156,"minecraft:wheat":108},"minecraft:killed":{"minecraft:spider":3,"minecraft:creeper":5,"minecraft:skeleton":4,"minecraft:zombie":19},"minecraft:dropped":{"epicfight:diamond_greatsword":1,"minecraft:iron_ingot":57,"minecraft:bread":35,"simplehats:hatbag_rare":2,"chococraft:chocobo_feather":1,"minecraft:wheat":9,"minecraft:iron_helmet":1,"minecraft:rotten_flesh":4,"sophisticatedbackpacks:backpack":1,"simplehats:fishing_hat":2,"simplehats:hatbag_uncommon":3,"minecraft:andesite":2,"minecraft:spider_eye":1,"minecraft:iron_pickaxe":1,"minecraft:netherrack":4}},"DataVersion":3465}