{"stats":{"minecraft:picked_up":{"chococraft:loverly_gysahl_green":2,"minecraft:gunpowder":2,"minecraft:string":2,"chococraft:chocobo_feather":1,"minecraft:smooth_sandstone":3,"chococraft:gysahl_green":29,"minecraft:apple":1,"chococraft:gold_gysahl":1,"minecraft:wheat_seeds":1,"minecraft:spruce_planks":2,"minecraft:egg":1,"minecraft:dark_oak_sapling":2,"simplehats:hatbag_common":3,"sophisticatedbackpacks:backpack":1,"epicfight:skillbook":1,"chococraft:gysahl_green_seeds":11,"minecraft:spruce_sapling":1,"simplehats:fishing_hat":1,"minecraft:spruce_log":46,"minecraft:dark_oak_log":63,"minecraft:dark_oak_planks":2,"minecraft:rotten_flesh":4,"minecraft:white_terracotta":2,"minecraft:oak_sapling":2},"minecraft:mined":{"minecraft:dark_oak_planks":2,"minecraft:spruce_planks":2,"minecraft:oak_sapling":1,"minecraft:dark_oak_leaves":18,"minecraft:dark_oak_log":63,"minecraft:smooth_sandstone":3,"minecraft:spruce_leaves":3,"minecraft:white_terracotta":2,"minecraft:spruce_log":5,"minecraft:grass":3,"chococraft:gysahl_green":11,"minecraft:dark_oak_sapling":1,"minecraft:oak_leaves":1},"minecraft:killed":{"minecraft:spider":1,"minecraft:creeper":1,"minecraft:zombie":2},"minecraft:killed_by":{"iceandfire:cyclops":3,"minecraft:spider":1},"minecraft:custom":{"minecraft:interact_with_furnace":4,"minecraft:mob_kills":6,"minecraft:interact_with_crafting_table":1,"minecraft:damage_dealt_resisted":568,"minecraft:leave_game":7,"minecraft:time_since_death":57385,"minecraft:sleep_in_bed":6,"minecraft:time_since_rest":6890,"minecraft:sprint_one_cm":440674,"minecraft:damage_taken":1921,"minecraft:walk_one_cm":186283,"minecraft:drop":6,"minecraft:damage_dealt":1070,"minecraft:swim_one_cm":28763,"minecraft:damage_dealt_absorbed":296,"minecraft:fly_one_cm":1086857,"minecraft:open_chest":44,"minecraft:crouch_one_cm":8478,"minecraft:play_time":87921,"tombstone:undead_killed":2,"minecraft:deaths":4,"minecraft:sneak_time":810,"minecraft:walk_under_water_one_cm":3270,"minecraft:jump":2249,"minecraft:walk_on_water_one_cm":7695,"minecraft:total_world_time":87921,"minecraft:fall_one_cm":61204},"minecraft:dropped":{"epicfight:diamond_greatsword":1,"minecraft:bread":19,"minecraft:rotten_flesh":4,"sophisticatedbackpacks:backpack":1,"simplehats:fishing_hat":2},"minecraft:used":{"epicfight:skillbook":3,"minecraft:spruce_planks":2,"minecraft:white_terracotta":2,"minecraft:netherrack":11,"minecraft:crafting_table":1,"minecraft:wooden_axe":3,"minecraft:dark_oak_planks":78,"minecraft:diamond_pickaxe":7,"minecraft:dark_oak_log":24,"minecraft:iron_axe":65,"minecraft:bread":33,"minecraft:smooth_sandstone":54,"minecraft:iron_helmet":1,"tombstone:grave_key":2,"epicfight:diamond_greatsword":13,"minecraft:diamond_chestplate":2,"minecraft:oak_sapling":1,"tombstone:gift":2,"minecraft:pumpkin_pie":1,"minecraft:bone_meal":24,"minecraft:dark_oak_sapling":2},"minecraft:crafted":{"minecraft:crafting_table":1,"minecraft:spruce_planks":200,"minecraft:bone_meal":24,"tombstone:grave_key":2,"minecraft:stick":4,"minecraft:wooden_axe":1,"minecraft:dark_oak_planks":76}},"DataVersion":3465}