{"stats":{"minecraft:killed":{"minecraft:zombie":1},"minecraft:custom":{"minecraft:time_since_rest":3055,"minecraft:sprint_one_cm":167191,"minecraft:interact_with_furnace":3,"minecraft:damage_taken":1186,"minecraft:walk_one_cm":41504,"minecraft:mob_kills":1,"minecraft:damage_dealt":250,"minecraft:damage_dealt_absorbed":40,"minecraft:swim_one_cm":13255,"minecraft:interact_with_crafting_table":1,"minecraft:fly_one_cm":406437,"minecraft:open_chest":26,"minecraft:crouch_one_cm":226,"minecraft:play_time":33735,"tombstone:undead_killed":1,"minecraft:deaths":4,"minecraft:sneak_time":27,"minecraft:walk_under_water_one_cm":2482,"minecraft:jump":733,"minecraft:leave_game":2,"minecraft:walk_on_water_one_cm":4967,"minecraft:time_since_death":3199,"minecraft:sleep_in_bed":2,"minecraft:total_world_time":33735,"minecraft:fall_one_cm":18770},"minecraft:used":{"minecraft:wooden_axe":3,"minecraft:diamond_pickaxe":2,"minecraft:bread":5,"minecraft:spruce_planks":2,"minecraft:white_terracotta":2,"tombstone:grave_key":2,"epicfight:diamond_greatsword":2,"minecraft:crafting_table":1,"tombstone:gift":2,"minecraft:pumpkin_pie":1},"minecraft:killed_by":{"iceandfire:cyclops":3,"minecraft:spider":1},"minecraft:mined":{"minecraft:white_terracotta":2,"minecraft:spruce_planks":2,"minecraft:spruce_log":5,"minecraft:grass":2,"chococraft:gysahl_green":11,"minecraft:spruce_leaves":3,"minecraft:oak_leaves":1},"minecraft:crafted":{"tombstone:grave_key":2,"minecraft:crafting_table":1,"minecraft:spruce_planks":16,"minecraft:stick":4,"minecraft:wooden_axe":1},"minecraft:picked_up":{"chococraft:loverly_gysahl_green":2,"chococraft:gysahl_green_seeds":9,"minecraft:spruce_log":46,"chococraft:gysahl_green":29,"minecraft:rotten_flesh":2,"chococraft:gold_gysahl":1,"minecraft:wheat_seeds":1,"minecraft:spruce_planks":2,"minecraft:white_terracotta":2,"minecraft:oak_sapling":1}},"DataVersion":3465}