{"stats":{"minecraft:custom":{"minecraft:interact_with_crafting_table":9,"minecraft:leave_game":2,"minecraft:time_since_death":39268,"minecraft:sleep_in_bed":2,"minecraft:climb_one_cm":460,"minecraft:time_since_rest":15554,"minecraft:sprint_one_cm":230102,"minecraft:damage_taken":980,"minecraft:walk_one_cm":357194,"minecraft:drop":2,"minecraft:damage_dealt":34,"minecraft:swim_one_cm":9620,"minecraft:fly_one_cm":435050,"minecraft:open_chest":15,"minecraft:crouch_one_cm":9050,"minecraft:play_time":66163,"minecraft:deaths":1,"minecraft:sneak_time":1194,"minecraft:walk_under_water_one_cm":637,"minecraft:jump":1176,"minecraft:walk_on_water_one_cm":1191,"minecraft:total_world_time":66163,"minecraft:fall_one_cm":30249},"minecraft:mined":{"minecraft:light_blue_stained_glass_pane":1,"minecraft:spruce_planks":4,"minecraft:dark_oak_leaves":18,"minecraft:dark_oak_log":64,"minecraft:crafting_table":1,"minecraft:grass_block":5,"minecraft:tall_grass":3,"minecraft:spruce_leaves":6,"minecraft:birch_sapling":1,"minecraft:large_fern":2,"minecraft:coarse_dirt":1,"minecraft:birch_log":12,"minecraft:sweet_berry_bush":5,"minecraft:spruce_log":80,"minecraft:birch_leaves":16,"minecraft:stripped_spruce_log":3,"minecraft:grass":26,"chococraft:gysahl_green":27,"minecraft:oak_log":1,"minecraft:dirt":8,"minecraft:stone":6,"minecraft:oak_leaves":4,"minecraft:fern":3},"minecraft:used":{"minecraft:spruce_planks":4,"minecraft:dirt":4,"minecraft:crafting_table":3,"minecraft:white_bed":1,"minecraft:spruce_log":12,"minecraft:dark_oak_door":2,"minecraft:stripped_spruce_log":1,"minecraft:wooden_axe":1,"chococraft:gysahl_green_seeds":3,"minecraft:dark_oak_log":40,"minecraft:bread":9,"minecraft:iron_axe":192,"minecraft:birch_sapling":2,"minecraft:iron_pickaxe":14,"minecraft:spruce_sapling":4,"minecraft:birch_log":4,"chococraft:gysahl_green":4,"minecraft:dark_oak_sapling":9},"minecraft:picked_up":{"minecraft:birch_log":12,"minecraft:crafting_table":1,"minecraft:coarse_dirt":1,"chococraft:loverly_gysahl_green":5,"minecraft:allium":1,"minecraft:wheat":9,"simplehats:hatbag_rare":2,"minecraft:oak_log":1,"minecraft:dirt":7,"simplehats:demonhorns":1,"chococraft:chocobo_feather":5,"chococraft:gysahl_green":70,"minecraft:apple":1,"minecraft:wheat_seeds":2,"minecraft:spruce_planks":5,"minecraft:iron_ingot":32,"simplehats:hatbag_uncommon":3,"minecraft:iron_pickaxe":1,"minecraft:birch_sapling":2,"minecraft:egg":1,"minecraft:dark_oak_sapling":10,"minecraft:stick":15,"simplehats:toy_story_alien":1,"minecraft:stripped_spruce_log":3,"minecraft:spruce_sapling":12,"chococraft:gysahl_green_seeds":27,"minecraft:spruce_log":75,"minecraft:dark_oak_log":64,"simplehats:megamanhat":1,"simplehats:foxhat":1,"simplehats:chickenonhead":1,"minecraft:bread":11,"minecraft:white_wool":3,"minecraft:cobblestone":5},"minecraft:crafted":{"minecraft:crafting_table":3,"minecraft:spruce_planks":64,"minecraft:dark_oak_door":3,"minecraft:iron_chestplate":1,"minecraft:iron_axe":1,"minecraft:stick":4,"minecraft:wooden_axe":1,"minecraft:white_bed":1,"quark:spruce_chest":1,"minecraft:dark_oak_planks":16,"minecraft:shears":1},"minecraft:dropped":{"minecraft:wheat_seeds":2,"chococraft:chocobo_feather":5}},"DataVersion":3465}