{"stats":{"minecraft:picked_up":{"chococraft:gysahl_green":2,"chococraft:gysahl_green_seeds":1,"minecraft:spruce_log":7,"minecraft:dirt":1},"minecraft:mined":{"minecraft:grass":6,"chococraft:gysahl_green":1,"minecraft:grass_block":1,"minecraft:spruce_leaves":3,"minecraft:spruce_log":7,"minecraft:fern":1},"minecraft:used":{"minecraft:dirt":1,"minecraft:bread":1,"chococraft:gysahl_green":1},"minecraft:custom":{"minecraft:time_since_rest":19326,"minecraft:open_chest":13,"minecraft:play_time":19326,"minecraft:crouch_one_cm":1337,"minecraft:sprint_one_cm":50562,"minecraft:damage_taken":70,"minecraft:walk_one_cm":64242,"minecraft:sneak_time":90,"minecraft:walk_under_water_one_cm":360,"minecraft:jump":171,"minecraft:damage_dealt":26,"minecraft:leave_game":1,"minecraft:time_since_death":19326,"minecraft:walk_on_water_one_cm":207,"minecraft:total_world_time":19326,"minecraft:swim_one_cm":3451,"minecraft:fly_one_cm":63932,"minecraft:fall_one_cm":3958}},"DataVersion":3465}