{"stats":{"minecraft:mined":{"minecraft:spruce_log":7,"minecraft:light_gray_terracotta":1,"minecraft:grass":2,"minecraft:allium":1,"chococraft:gysahl_green":6,"quark:spruce_chest":1},"minecraft:picked_up":{"minecraft:allium":1,"epicfight:diamond_greatsword":3,"sophisticatedbackpacks:backpack":1,"chococraft:gysahl_green_seeds":6,"simplehats:fishing_hat":2,"minecraft:spruce_log":7,"minecraft:light_gray_terracotta":1,"minecraft:rotten_flesh":1,"chococraft:gysahl_green":12,"chococraft:gold_gysahl":1,"quark:spruce_chest":1,"minecraft:bread":19,"minecraft:oak_sapling":7},"minecraft:custom":{"minecraft:time_since_rest":32450,"minecraft:sprint_one_cm":95494,"minecraft:interact_with_furnace":1,"minecraft:damage_taken":130,"minecraft:walk_one_cm":84113,"minecraft:drop":3,"minecraft:damage_dealt":157,"minecraft:interact_with_crafting_table":1,"minecraft:damage_dealt_absorbed":19,"minecraft:swim_one_cm":7252,"minecraft:fly_one_cm":77526,"minecraft:open_chest":2,"minecraft:crouch_one_cm":136,"minecraft:play_time":32450,"minecraft:sneak_time":27,"minecraft:walk_under_water_one_cm":924,"minecraft:jump":223,"minecraft:leave_game":1,"minecraft:time_since_death":32450,"minecraft:walk_on_water_one_cm":977,"minecraft:total_world_time":32450,"minecraft:fall_one_cm":5733},"minecraft:dropped":{"epicfight:diamond_greatsword":2,"simplehats:fishing_hat":1},"minecraft:used":{"minecraft:wooden_axe":1,"minecraft:bread":5,"minecraft:wooden_pickaxe":9,"epicfight:diamond_greatsword":1},"minecraft:crafted":{"minecraft:wooden_sword":1,"minecraft:spruce_planks":28,"minecraft:stick":8,"minecraft:wooden_pickaxe":1,"minecraft:wooden_axe":1}},"DataVersion":3465}