{"stats":{"minecraft:custom":{"minecraft:interact_with_smithing_table":2,"minecraft:interact_with_furnace":3,"minecraft:interact_with_anvil":1,"minecraft:mob_kills":12,"minecraft:interact_with_crafting_table":13,"minecraft:open_barrel":1,"minecraft:interact_with_grindstone":1,"minecraft:leave_game":2,"minecraft:time_since_death":53436,"minecraft:time_since_rest":52723,"minecraft:sprint_one_cm":336856,"minecraft:damage_taken":860,"minecraft:walk_one_cm":360749,"minecraft:drop":7,"minecraft:damage_dealt":2318,"minecraft:damage_dealt_absorbed":19,"minecraft:swim_one_cm":18488,"minecraft:fly_one_cm":410740,"minecraft:open_chest":30,"minecraft:crouch_one_cm":5992,"minecraft:play_time":90621,"tombstone:undead_killed":11,"minecraft:deaths":1,"minecraft:sneak_time":1476,"minecraft:walk_under_water_one_cm":11142,"minecraft:jump":1165,"minecraft:interact_with_blast_furnace":10,"minecraft:walk_on_water_one_cm":6887,"minecraft:total_world_time":90621,"minecraft:fall_one_cm":34764},"minecraft:mined":{"minecraft:spruce_planks":2,"iceandfire:silver_ore":2,"iceandfire:frozen_cobblestone":2,"minecraft:light_gray_terracotta":1,"minecraft:blast_furnace":6,"minecraft:allium":2,"iceandfire:frozen_stone":2,"minecraft:grass_block":3,"minecraft:chest":7,"minecraft:campfire":2,"minecraft:spruce_leaves":5,"minecraft:lapis_ore":1,"minecraft:hay_block":1,"minecraft:spruce_stairs":2,"minecraft:purple_bed":1,"minecraft:iron_ore":35,"minecraft:sweet_berry_bush":1,"minecraft:lilac":1,"minecraft:spruce_log":22,"minecraft:andesite":5,"minecraft:anvil":1,"minecraft:grass":8,"chococraft:gysahl_green":6,"minecraft:coal_ore":30,"minecraft:deepslate_iron_ore":2,"minecraft:lantern":4,"quark:spruce_chest":2,"minecraft:stone":28},"minecraft:used":{"minecraft:spruce_door":3,"minecraft:armor_stand":1,"minecraft:stone_pickaxe":96,"minecraft:chest":7,"minecraft:spruce_planks":42,"minecraft:wooden_pickaxe":20,"minecraft:iron_sword":44,"minecraft:torch":2,"minecraft:crafting_table":1,"minecraft:spruce_stairs":2,"minecraft:blast_furnace":6,"iceandfire:frozen_stone":1,"minecraft:spruce_log":2,"minecraft:wooden_axe":1,"minecraft:lantern":2,"quark:spruce_chest":2,"minecraft:iron_axe":36,"minecraft:bread":21,"minecraft:iron_pickaxe":14,"epicfight:diamond_greatsword":1,"minecraft:cobblestone":16,"minecraft:sweet_berries":14,"minecraft:purple_bed":1,"minecraft:andesite":5,"tombstone:gift":2,"iceandfire:frozen_cobblestone":2,"minecraft:cobbled_deepslate":3},"minecraft:picked_up":{"minecraft:charcoal":4,"minecraft:allium":4,"minecraft:feather":4,"simplehats:hatbag_rare":1,"minecraft:anvil":1,"minecraft:andesite":5,"minecraft:fern":2,"minecraft:potato":1,"iceandfire:frozen_cobblestone":2,"minecraft:gunpowder":2,"skilltree:gem":5,"minecraft:lapis_lazuli":9,"minecraft:dirt":1,"minecraft:lantern":4,"iceandfire:frozen_stone":1,"minecraft:large_fern":2,"minecraft:armor_stand":1,"chococraft:gysahl_green":12,"minecraft:apple":1,"chococraft:gold_gysahl":1,"minecraft:bow":1,"quark:spruce_chest":2,"minecraft:wheat_seeds":2,"minecraft:cobbled_deepslate":3,"minecraft:spruce_planks":6,"minecraft:iron_ingot":25,"simplehats:hatbag_uncommon":2,"minecraft:chest":7,"minecraft:raw_iron":36,"simplehats:hatbag_common":1,"minecraft:sweet_berries":6,"epicfight:diamond_greatsword":3,"minecraft:spruce_stairs":4,"sophisticatedbackpacks:backpack":1,"minecraft:spruce_sapling":9,"minecraft:blast_furnace":6,"chococraft:gysahl_green_seeds":6,"tombstone:grave_dust":1,"simplehats:fishing_hat":2,"minecraft:spruce_log":22,"minecraft:purple_bed":1,"minecraft:light_gray_terracotta":1,"minecraft:arrow":1,"minecraft:rotten_flesh":14,"minecraft:hay_block":1,"minecraft:iron_helmet":1,"minecraft:bread":29,"minecraft:oak_sapling":7,"minecraft:coal":30,"iceandfire:raw_silver":2,"minecraft:cobblestone":23},"minecraft:crafted":{"minecraft:wooden_sword":1,"minecraft:stone_shovel":1,"minecraft:crafting_table":1,"minecraft:spruce_planks":80,"minecraft:wooden_pickaxe":1,"minecraft:iron_sword":1,"minecraft:spruce_door":3,"minecraft:iron_chestplate":1,"minecraft:shield":1,"minecraft:iron_axe":1,"minecraft:stick":20,"minecraft:wooden_axe":1,"minecraft:iron_pickaxe":1,"minecraft:stone_pickaxe":2,"minecraft:iron_leggings":1,"quark:spruce_chest":1,"minecraft:torch":16},"minecraft:killed":{"minecraft:zombie":11,"minecraft:chicken":1},"minecraft:dropped":{"epicfight:diamond_greatsword":3,"simplehats:fishing_hat":1,"minecraft:allium":3}},"DataVersion":3465}