{
  "iceandfire:iceandfire/root": {
    "criteria": {
      "tick": "2024-05-18 03:07:29 +0000"
    },
    "done": true
  },
  "takesapillage:root": {
    "criteria": {
      "always": "2024-05-18 03:07:29 +0000"
    },
    "done": true
  },
  "mca:recipes/misc/family_tree": {
    "criteria": {
      "has_item": "2024-05-18 03:22:17 +0000"
    },
    "done": true
  },
  "mca:root": {
    "criteria": {
      "village_taiga": "2024-05-18 03:21:36 +0000"
    },
    "done": true
  },
  "orcz:orczchallenge": {
    "criteria": {
      "orczchallenge": "2024-05-18 03:07:29 +0000"
    },
    "done": true
  },
  "mca:recipes/building_blocks/headstones": {
    "criteria": {
      "has_the_cross_recipe": "2024-05-18 03:07:29 +0000"
    },
    "done": true
  },
  "mca:recipes/misc/bouquet": {
    "criteria": {
      "has_item": "2024-05-18 03:24:35 +0000"
    },
    "done": true
  },
  "betterdungeons:root": {
    "criteria": {
      "always": "2024-05-18 03:07:29 +0000"
    },
    "done": true
  },
  "minecraft:adventure/adventuring_time": {
    "criteria": {
      "minecraft:river": "2024-05-18 03:19:46 +0000"
    },
    "done": false
  },
  "dungeons_arise:wda_root": {
    "criteria": {
      "WDA": "2024-05-18 03:07:29 +0000"
    },
    "done": true
  },
  "minecraft:husbandry/balanced_diet": {
    "criteria": {
      "bread": "2024-05-18 03:21:55 +0000"
    },
    "done": false
  },
  "minecraft:husbandry/root": {
    "criteria": {
      "consumed_item": "2024-05-18 03:21:55 +0000"
    },
    "done": true
  },
  "betterdeserttemples:root": {
    "criteria": {
      "always": "2024-05-18 03:07:29 +0000"
    },
    "done": true
  },
  "tombstone:adventure/root": {
    "criteria": {
      "auto": "2024-05-18 03:07:30 +0000"
    },
    "done": true
  },
  "cataclysm:root": {
    "criteria": {
      "custom_test_name": "2024-05-18 03:07:29 +0000"
    },
    "done": true
  },
  "DataVersion": 3465
}